Route,Day,Ride Start,Stop,Scheduled Time,Day Of Week,Vehicle Capacity,Ride State,Stop State,Actual Arrival,Actual Departure,Riders On,Riders Off,Riders Left,Riders Cumulative
Downtown Loop,2024/11/10,2024-11-10 13:03:00,Harbor Front,2024-11-10 13:23:00,Sunday,47.0,Complete,Departed,2024-11-10 13:26:17,2024-11-10 13:27:16,14,5,1,20
Downtown Loop,2024/10/16,2024-10-16 13:37:00,North Terminal,2024-10-16 13:49:00,Wednesday,47.0,Complete,Departed,2024-10-16 13:51:59,2024-10-16 13:52:56,7,4,3,5
Red Line Shuttle,2024/09/08,2024-09-08 07:16:00,River Market,2024-09-08 07:36:00,Sunday,47.0,Complete,Departed,2024-09-08 07:39:50,2024-09-08 07:40:55,3,0,1,39
Blue Line Connector,2024/12/14,2024-12-14 10:00:00,River Market,2024-12-14 10:19:00,Saturday,47.0,Complete,Departed,2024-12-14 10:21:41,2024-12-14 10:22:37,9,3,0,32
Red Line Shuttle,2025/01/23,2025-01-23 20:05:00,Central Station,2025-01-23 20:19:00,Thursday,47.0,Complete,Departed,2025-01-23 20:21:58,2025-01-23 20:23:00,3,5,3,38
Green Express,2025/02/01,2025-02-01 09:46:00,Harbor Front,2025-02-01 09:56:00,Saturday,47.0,Complete,Departed,2025-02-01 09:57:24,2025-02-01 09:58:06,10,9,0,10
Downtown Loop,2024/12/14,2024-12-14 15:48:00,River Market,2024-12-14 16:04:00,Saturday,47.0,Complete,Departed,2024-12-14 16:02:41,2024-12-14 16:04:08,15,9,1,47
Airport Link,2025/01/28,2025-01-28 07:19:00,Hilltop School,2025-01-28 07:29:00,Tuesday,47.0,Complete,Departed,2025-01-28 07:28:56,2025-01-28 07:29:32,6,6,0,9
Blue Line Connector,2024/10/14,2024-10-14 12:13:00,City Library,2024-10-14 12:28:00,Monday,47.0,Complete,Departed,2024-10-14 12:27:03,2024-10-14 12:28:27,8,8,0,36
Blue Line Connector,2025/01/31,2025-01-31 13:50:00,Harbor Front,2025-01-31 14:05:00,Friday,47.0,Complete,Departed,2025-01-31 14:05:37,2025-01-31 14:06:15,11,3,2,45
Airport Link,2024/10/23,2024-10-23 07:00:00,Harbor Front,2024-10-23 07:13:00,Wednesday,47.0,Complete,Departed,2024-10-23 07:12:42,2024-10-23 07:13:22,4,10,1,36
Airport Link,2024/12/24,2024-12-24 15:07:00,City Library,2024-12-24 15:27:00,Tuesday,47.0,Complete,Departed,2024-12-24 15:29:03,2024-12-24 15:29:51,9,3,0,0
Airport Link,2024/12/07,2024-12-07 20:09:00,North Terminal,2024-12-07 20:20:00,Saturday,47.0,Complete,Departed,2024-12-07 20:22:43,2024-12-07 20:23:51,3,4,3,35
Blue Line Connector,2025/01/22,2025-01-22 08:48:00,West End Plaza,2025-01-22 09:06:00,Wednesday,47.0,Complete,Departed,2025-01-22 09:09:53,2025-01-22 09:10:54,3,11,0,0
Airport Link,2025/05/08,2025-05-08 13:12:00,West End Plaza,2025-05-08 13:32:00,Thursday,47.0,Complete,Departed,2025-05-08 13:32:06,2025-05-08 13:32:58,11,14,3,33
Blue Line Connector,2024/08/28,2024-08-28 13:54:00,North Terminal,2024-08-28 14:06:00,Wednesday,47.0,Complete,Departed,2024-08-28 14:09:43,2024-08-28 14:10:36,4,9,1,47
Blue Line Connector,2024/09/16,2024-09-16 14:05:00,South Park,2024-09-16 14:18:00,Monday,47.0,Complete,Departed,2024-09-16 14:16:55,2024-09-16 14:17:28,13,3,1,11
Downtown Loop,2024/12/23,2024-12-23 17:56:00,West End Plaza,2024-12-23 18:10:00,Monday,47.0,Complete,Departed,2024-12-23 18:08:56,2024-12-23 18:09:50,9,6,3,4
Red Line Shuttle,2025/01/23,2025-01-23 13:24:00,West End Plaza,2025-01-23 13:34:00,Thursday,47.0,Complete,Departed,2025-01-23 13:36:40,2025-01-23 13:38:04,15,11,0,21
Downtown Loop,2025/01/03,2025-01-03 17:34:00,River Market,2025-01-03 17:54:00,Friday,47.0,Complete,Departed,2025-01-03 17:53:51,2025-01-03 17:55:07,5,7,1,43
Airport Link,2025/02/21,2025-02-21 14:18:00,Stadium Ave,2025-02-21 14:38:00,Friday,47.0,Complete,Departed,2025-02-21 14:38:56,2025-02-21 14:40:00,3,13,2,1
Green Express,2025/01/25,2025-01-25 18:07:00,University Gate,2025-01-25 18:26:00,Saturday,47.0,Complete,Departed,2025-01-25 18:27:08,2025-01-25 18:28:11,1,14,0,7
Airport Link,2025/03/12,2025-03-12 15:27:00,Stadium Ave,2025-03-12 15:45:00,Wednesday,47.0,Complete,Departed,2025-03-12 15:44:06,2025-03-12 15:45:28,1,11,1,16
Red Line Shuttle,2024/11/20,2024-11-20 16:33:00,City Library,2024-11-20 16:47:00,Wednesday,47.0,Complete,Departed,2024-11-20 16:47:43,2024-11-20 16:48:43,15,2,2,0
Downtown Loop,2024/10/01,2024-10-01 19:14:00,West End Plaza,2024-10-01 19:31:00,Tuesday,47.0,Complete,Departed,2024-10-01 19:30:03,2024-10-01 19:31:12,13,14,0,23
Airport Link,2025/03/03,2025-03-03 16:09:00,Hilltop School,2025-03-03 16:24:00,Monday,47.0,Complete,Departed,2025-03-03 16:24:54,2025-03-03 16:25:43,4,6,0,35
Airport Link,2025/01/26,2025-01-26 19:17:00,North Terminal,2025-01-26 19:31:00,Sunday,47.0,Complete,Departed,2025-01-26 19:31:40,2025-01-26 19:32:38,14,15,3,37
Airport Link,2024/11/13,2024-11-13 09:32:00,Tech Park,2024-11-13 09:52:00,Wednesday,47.0,Complete,Departed,2024-11-13 09:55:54,2024-11-13 09:57:22,1,1,3,22
Blue Line Connector,2025/04/23,2025-04-23 11:21:00,Tech Park,2025-04-23 11:40:00,Wednesday,47.0,Complete,Departed,2025-04-23 11:42:00,2025-04-23 11:43:20,1,5,1,13
Red Line Shuttle,2025/05/02,2025-05-02 14:01:00,City Library,2025-05-02 14:15:00,Friday,47.0,Complete,Departed,2025-05-02 14:15:09,2025-05-02 14:16:10,15,6,1,5
Blue Line Connector,2024/11/13,2024-11-13 15:17:00,North Terminal,2024-11-13 15:32:00,Wednesday,47.0,Complete,Departed,2024-11-13 15:33:35,2024-11-13 15:34:13,13,7,3,36
Green Express,2024/09/19,2024-09-19 21:53:00,Stadium Ave,2024-09-19 22:06:00,Thursday,47.0,Complete,Departed,2024-09-19 22:06:12,2024-09-19 22:06:58,10,14,2,43
Red Line Shuttle,2024/09/21,2024-09-21 17:40:00,Stadium Ave,2024-09-21 17:56:00,Saturday,47.0,Complete,Departed,2024-09-21 17:56:23,2024-09-21 17:56:59,2,1,3,6
Red Line Shuttle,2025/04/20,2025-04-20 09:38:00,West End Plaza,2025-04-20 09:51:00,Sunday,47.0,Complete,Departed,2025-04-20 09:54:00,2025-04-20 09:55:04,13,8,3,33
Downtown Loop,2025/04/19,2025-04-19 21:42:00,Central Station,2025-04-19 21:56:00,Saturday,47.0,Complete,Departed,2025-04-19 21:56:06,2025-04-19 21:57:09,14,6,3,21
Airport Link,2025/04/10,2025-04-10 15:16:00,Tech Park,2025-04-10 15:35:00,Thursday,47.0,Complete,Departed,2025-04-10 15:35:29,2025-04-10 15:36:54,4,8,2,29
Airport Link,2024/09/16,2024-09-16 17:39:00,Harbor Front,2024-09-16 17:54:00,Monday,47.0,Complete,Departed,2024-09-16 17:54:40,2024-09-16 17:55:53,0,9,3,35
Airport Link,2025/05/02,2025-05-02 20:19:00,West End Plaza,2025-05-02 20:35:00,Friday,47.0,Complete,Departed,2025-05-02 20:33:57,2025-05-02 20:35:08,9,14,3,6
Green Express,2025/05/04,2025-05-04 07:14:00,West End Plaza,2025-05-04 07:34:00,Sunday,47.0,Complete,Departed,2025-05-04 07:36:23,2025-05-04 07:37:39,8,4,0,37
Airport Link,2024/12/26,2024-12-26 17:06:00,River Market,2024-12-26 17:21:00,Thursday,47.0,Complete,Departed,2024-12-26 17:24:40,2024-12-26 17:26:07,4,15,1,2
Downtown Loop,2024/11/20,2024-11-20 15:32:00,University Gate,2024-11-20 15:48:00,Wednesday,47.0,Complete,Departed,2024-11-20 15:48:48,2024-11-20 15:49:42,3,1,1,14
Red Line Shuttle,2025/03/12,2025-03-12 09:31:00,University Gate,2025-03-12 09:41:00,Wednesday,47.0,Complete,Departed,2025-03-12 09:42:42,2025-03-12 09:43:44,4,3,0,28
Red Line Shuttle,2025/02/27,2025-02-27 16:01:00,Hilltop School,2025-02-27 16:12:00,Thursday,47.0,Complete,Departed,2025-02-27 16:12:19,2025-02-27 16:13:35,5,9,3,13
Airport Link,2024/12/25,2024-12-25 18:41:00,Eastside Mall,2024-12-25 18:58:00,Wednesday,47.0,Complete,Departed,2024-12-25 19:00:22,2024-12-25 19:01:49,11,15,2,19
Blue Line Connector,2025/02/13,2025-02-13 15:39:00,River Market,2025-02-13 15:59:00,Thursday,47.0,Complete,Departed,2025-02-13 16:00:35,2025-02-13 16:01:12,0,12,1,5
Red Line Shuttle,2025/01/01,2025-01-01 15:10:00,Hilltop School,2025-01-01 15:25:00,Wednesday,47.0,Complete,Departed,2025-01-01 15:28:08,2025-01-01 15:29:09,3,6,3,31
Red Line Shuttle,2024/10/30,2024-10-30 19:09:00,Central Station,2024-10-30 19:24:00,Wednesday,47.0,Complete,Departed,2024-10-30 19:25:11,2024-10-30 19:26:01,5,2,2,47
Blue Line Connector,2025/04/04,2025-04-04 20:14:00,Central Station,2025-04-04 20:34:00,Friday,47.0,Complete,Departed,2025-04-04 20:34:13,2025-04-04 20:34:55,13,3,1,44
Red Line Shuttle,2024/11/03,2024-11-03 20:40:00,Central Station,2024-11-03 20:55:00,Sunday,47.0,Complete,Departed,2024-11-03 20:55:43,2024-11-03 20:56:16,1,5,0,2
Downtown Loop,2025/04/12,2025-04-12 10:52:00,Tech Park,2025-04-12 11:11:00,Saturday,47.0,Complete,Departed,2025-04-12 11:10:45,2025-04-12 11:12:07,5,1,3,21
Green Express,2024/10/06,2024-10-06 19:48:00,Tech Park,2024-10-06 20:00:00,Sunday,47.0,Complete,Departed,2024-10-06 19:58:42,2024-10-06 19:59:47,1,7,0,46
Green Express,2024/10/29,2024-10-29 10:14:00,South Park,2024-10-29 10:29:00,Tuesday,47.0,Complete,Departed,2024-10-29 10:28:25,2024-10-29 10:29:14,5,5,1,44
Airport Link,2025/02/08,2025-02-08 15:47:00,Tech Park,2025-02-08 15:59:00,Saturday,47.0,Complete,Departed,2025-02-08 16:02:13,2025-02-08 16:03:06,10,1,2,43
Blue Line Connector,2024/11/19,2024-11-19 19:52:00,City Library,2024-11-19 20:07:00,Tuesday,47.0,Complete,Departed,2024-11-19 20:06:25,2024-11-19 20:07:14,4,15,0,35
Blue Line Connector,2024/12/05,2024-12-05 14:48:00,River Market,2024-12-05 15:01:00,Thursday,47.0,Complete,Departed,2024-12-05 15:00:40,2024-12-05 15:01:53,15,15,1,18
Downtown Loop,2024/12/30,2024-12-30 10:52:00,City Library,2024-12-30 11:09:00,Monday,47.0,Complete,Departed,2024-12-30 11:10:39,2024-12-30 11:11:23,15,13,3,45
Green Express,2025/02/21,2025-02-21 14:27:00,River Market,2025-02-21 14:43:00,Friday,47.0,Complete,Departed,2025-02-21 14:45:35,2025-02-21 14:46:47,2,7,1,18
Airport Link,2024/12/22,2024-12-22 09:24:00,River Market,2024-12-22 09:38:00,Sunday,47.0,Complete,Departed,2024-12-22 09:41:56,2024-12-22 09:43:00,4,10,0,24
Blue Line Connector,2024/12/07,2024-12-07 21:03:00,City Library,2024-12-07 21:21:00,Saturday,47.0,Complete,Departed,2024-12-07 21:23:55,2024-12-07 21:24:45,10,15,2,6
Airport Link,2025/04/02,2025-04-02 16:05:00,Tech Park,2025-04-02 16:17:00,Wednesday,47.0,Complete,Departed,2025-04-02 16:17:13,2025-04-02 16:18:35,6,1,2,40
Airport Link,2025/03/13,2025-03-13 19:14:00,River Market,2025-03-13 19:33:00,Thursday,47.0,Complete,Departed,2025-03-13 19:36:44,2025-03-13 19:38:01,4,10,0,22
Airport Link,2025/03/09,2025-03-09 19:23:00,Tech Park,2025-03-09 19:38:00,Sunday,47.0,Complete,Departed,2025-03-09 19:41:41,2025-03-09 19:42:28,11,4,2,47
Airport Link,2024/12/16,2024-12-16 20:54:00,City Library,2024-12-16 21:13:00,Monday,47.0,Complete,Departed,2024-12-16 21:15:38,2024-12-16 21:16:09,15,9,2,2
Airport Link,2024/11/13,2024-11-13 15:20:00,West End Plaza,2024-11-13 15:38:00,Wednesday,47.0,Complete,Departed,2024-11-13 15:38:36,2024-11-13 15:39:06,12,13,2,10
Red Line Shuttle,2024/09/10,2024-09-10 20:39:00,Harbor Front,2024-09-10 20:54:00,Tuesday,47.0,Complete,Departed,2024-09-10 20:53:55,2024-09-10 20:55:14,2,0,2,35
Blue Line Connector,2025/02/10,2025-02-10 16:48:00,Harbor Front,2025-02-10 17:05:00,Monday,47.0,Complete,Departed,2025-02-10 17:08:56,2025-02-10 17:10:15,10,6,3,40
Green Express,2024/10/21,2024-10-21 19:36:00,University Gate,2024-10-21 19:52:00,Monday,47.0,Complete,Departed,2024-10-21 19:53:40,2024-10-21 19:54:35,5,2,1,33
Blue Line Connector,2024/10/26,2024-10-26 17:57:00,West End Plaza,2024-10-26 18:12:00,Saturday,47.0,Complete,Departed,2024-10-26 18:14:24,2024-10-26 18:15:54,8,3,3,46
Airport Link,2024/09/06,2024-09-06 07:11:00,Hilltop School,2024-09-06 07:21:00,Friday,47.0,Complete,Departed,2024-09-06 07:23:51,2024-09-06 07:24:53,15,5,1,44
Red Line Shuttle,2025/01/11,2025-01-11 11:03:00,North Terminal,2025-01-11 11:18:00,Saturday,47.0,Complete,Departed,2025-01-11 11:21:56,2025-01-11 11:22:28,9,1,1,13
Green Express,2025/02/01,2025-02-01 13:00:00,University Gate,2025-02-01 13:15:00,Saturday,47.0,Complete,Departed,2025-02-01 13:15:06,2025-02-01 13:16:30,5,6,3,3
Downtown Loop,2024/09/02,2024-09-02 08:42:00,Hilltop School,2024-09-02 08:52:00,Monday,47.0,Complete,Departed,2024-09-02 08:52:54,2024-09-02 08:54:20,2,6,2,30
Airport Link,2024/11/29,2024-11-29 08:25:00,Stadium Ave,2024-11-29 08:36:00,Friday,47.0,Complete,Departed,2024-11-29 08:38:07,2024-11-29 08:38:57,12,12,2,31
Downtown Loop,2024/10/23,2024-10-23 10:53:00,Stadium Ave,2024-10-23 11:04:00,Wednesday,47.0,Complete,Departed,2024-10-23 11:07:17,2024-10-23 11:07:50,10,9,2,46
Airport Link,2025/04/04,2025-04-04 14:14:00,Eastside Mall,2025-04-04 14:31:00,Friday,47.0,Complete,Departed,2025-04-04 14:33:10,2025-04-04 14:34:01,7,15,3,36
Red Line Shuttle,2025/03/11,2025-03-11 08:54:00,City Library,2025-03-11 09:10:00,Tuesday,47.0,Complete,Departed,2025-03-11 09:13:51,2025-03-11 09:14:28,4,0,3,46
Downtown Loop,2025/02/07,2025-02-07 08:21:00,North Terminal,2025-02-07 08:35:00,Friday,47.0,Complete,Departed,2025-02-07 08:36:05,2025-02-07 08:37:08,5,14,2,3
Red Line Shuttle,2024/09/30,2024-09-30 18:57:00,Eastside Mall,2024-09-30 19:08:00,Monday,47.0,Complete,Departed,2024-09-30 19:09:57,2024-09-30 19:10:43,9,15,1,18
Downtown Loop,2025/02/25,2025-02-25 18:47:00,Central Station,2025-02-25 18:59:00,Tuesday,47.0,Complete,Departed,2025-02-25 19:01:26,2025-02-25 19:02:26,1,3,2,8
Downtown Loop,2024/08/29,2024-08-29 15:38:00,University Gate,2024-08-29 15:51:00,Thursday,47.0,Complete,Departed,2024-08-29 15:50:45,2024-08-29 15:51:31,6,12,2,5
Green Express,2025/02/12,2025-02-12 11:25:00,Eastside Mall,2025-02-12 11:39:00,Wednesday,47.0,Complete,Departed,2025-02-12 11:38:25,2025-02-12 11:39:07,12,6,1,3
Downtown Loop,2025/04/13,2025-04-13 20:47:00,Hilltop School,2025-04-13 20:58:00,Sunday,47.0,Complete,Departed,2025-04-13 20:59:20,2025-04-13 21:00:45,11,5,1,1
Green Express,2025/02/01,2025-02-01 08:58:00,Stadium Ave,2025-02-01 09:08:00,Saturday,47.0,Complete,Departed,2025-02-01 09:07:39,2025-02-01 09:08:44,1,13,2,4
Blue Line Connector,2025/02/06,2025-02-06 18:05:00,Tech Park,2025-02-06 18:25:00,Thursday,47.0,Complete,Departed,2025-02-06 18:24:49,2025-02-06 18:26:12,9,15,0,15
Downtown Loop,2024/12/26,2024-12-26 14:07:00,University Gate,2024-12-26 14:21:00,Thursday,47.0,Complete,Departed,2024-12-26 14:23:44,2024-12-26 14:24:59,5,12,0,16
Downtown Loop,2025/05/07,2025-05-07 11:59:00,Harbor Front,2025-05-07 12:16:00,Wednesday,47.0,Complete,Departed,2025-05-07 12:18:05,2025-05-07 12:18:47,6,9,3,22
Downtown Loop,2024/11/03,2024-11-03 11:28:00,West End Plaza,2024-11-03 11:46:00,Sunday,47.0,Complete,Departed,2024-11-03 11:48:09,2024-11-03 11:49:09,15,0,1,43
Airport Link,2024/12/12,2024-12-12 18:55:00,University Gate,2024-12-12 19:10:00,Thursday,47.0,Complete,Departed,2024-12-12 19:12:06,2024-12-12 19:12:54,8,14,3,4
Blue Line Connector,2025/01/08,2025-01-08 11:41:00,Stadium Ave,2025-01-08 11:53:00,Wednesday,47.0,Complete,Departed,2025-01-08 11:52:13,2025-01-08 11:53:18,10,1,0,1
Blue Line Connector,2024/09/07,2024-09-07 15:44:00,Tech Park,2024-09-07 15:55:00,Saturday,47.0,Complete,Departed,2024-09-07 15:58:55,2024-09-07 16:00:16,3,5,2,20
Airport Link,2024/10/26,2024-10-26 20:48:00,West End Plaza,2024-10-26 20:59:00,Saturday,47.0,Complete,Departed,2024-10-26 21:02:11,2024-10-26 21:02:58,9,9,2,18
Red Line Shuttle,2025/01/30,2025-01-30 13:33:00,Eastside Mall,2025-01-30 13:50:00,Thursday,47.0,Complete,Departed,2025-01-30 13:53:58,2025-01-30 13:55:01,13,9,0,18
Blue Line Connector,2024/09/19,2024-09-19 20:18:00,River Market,2024-09-19 20:38:00,Thursday,47.0,Complete,Departed,2024-09-19 20:40:44,2024-09-19 20:41:34,4,7,1,22
Blue Line Connector,2024/12/06,2024-12-06 16:57:00,Eastside Mall,2024-12-06 17:08:00,Friday,47.0,Complete,Departed,2024-12-06 17:10:37,2024-12-06 17:11:43,5,10,0,37
Green Express,2025/02/01,2025-02-01 17:55:00,West End Plaza,2025-02-01 18:13:00,Saturday,47.0,Complete,Departed,2025-02-01 18:13:56,2025-02-01 18:15:09,3,11,1,22
Downtown Loop,2024/09/24,2024-09-24 11:30:00,River Market,2024-09-24 11:47:00,Tuesday,47.0,Complete,Departed,2024-09-24 11:47:05,2024-09-24 11:48:10,0,1,1,31
Blue Line Connector,2024/11/12,2024-11-12 17:43:00,West End Plaza,2024-11-12 18:00:00,Tuesday,47.0,Complete,Departed,2024-11-12 18:02:59,2024-11-12 18:04:07,14,12,1,47
Green Express,2024/11/24,2024-11-24 15:18:00,River Market,2024-11-24 15:28:00,Sunday,47.0,Complete,Departed,2024-11-24 15:29:55,2024-11-24 15:31:16,9,3,2,3
Blue Line Connector,2024/12/05,2024-12-05 20:26:00,South Park,2024-12-05 20:39:00,Thursday,47.0,Complete,Departed,2024-12-05 20:40:48,2024-12-05 20:41:24,0,3,0,21
Blue Line Connector,2024/09/02,2024-09-02 08:27:00,Hilltop School,2024-09-02 08:45:00,Monday,47.0,Complete,Departed,2024-09-02 08:48:30,2024-09-02 08:49:58,7,4,1,24
Red Line Shuttle,2024/12/16,2024-12-16 15:24:00,West End Plaza,2024-12-16 15:44:00,Monday,47.0,Complete,Departed,2024-12-16 15:47:28,2024-12-16 15:48:45,7,5,0,29
Green Express,2025/01/01,2025-01-01 07:45:00,South Park,2025-01-01 08:02:00,Wednesday,47.0,Complete,Departed,2025-01-01 08:05:12,2025-01-01 08:06:11,6,8,0,20
Airport Link,2024/12/18,2024-12-18 07:44:00,Hilltop School,2024-12-18 08:03:00,Wednesday,47.0,Complete,Departed,2024-12-18 08:06:29,2024-12-18 08:07:32,10,13,2,46
Airport Link,2025/03/13,2025-03-13 10:29:00,South Park,2025-03-13 10:44:00,Thursday,47.0,Complete,Departed,2025-03-13 10:43:37,2025-03-13 10:44:16,2,10,2,27
Red Line Shuttle,2024/11/01,2024-11-01 07:30:00,West End Plaza,2024-11-01 07:43:00,Friday,47.0,Complete,Departed,2024-11-01 07:43:47,2024-11-01 07:44:50,4,1,3,26
Downtown Loop,2025/01/08,2025-01-08 09:26:00,City Library,2025-01-08 09:39:00,Wednesday,47.0,Complete,Departed,2025-01-08 09:39:54,2025-01-08 09:41:02,0,6,2,9
Blue Line Connector,2024/10/16,2024-10-16 14:57:00,Stadium Ave,2024-10-16 15:08:00,Wednesday,47.0,Complete,Departed,2024-10-16 15:11:00,2024-10-16 15:12:11,12,9,1,43
Green Express,2025/01/12,2025-01-12 09:54:00,Central Station,2025-01-12 10:12:00,Sunday,47.0,Complete,Departed,2025-01-12 10:12:12,2025-01-12 10:13:27,8,12,2,29
Blue Line Connector,2024/09/06,2024-09-06 08:27:00,River Market,2024-09-06 08:39:00,Friday,47.0,Complete,Departed,2024-09-06 08:41:22,2024-09-06 08:42:47,5,12,0,30
Airport Link,2025/04/14,2025-04-14 20:56:00,Stadium Ave,2025-04-14 21:07:00,Monday,47.0,Complete,Departed,2025-04-14 21:09:25,2025-04-14 21:10:23,10,2,1,33
Airport Link,2025/01/22,2025-01-22 09:58:00,Hilltop School,2025-01-22 10:18:00,Wednesday,47.0,Complete,Departed,2025-01-22 10:18:59,2025-01-22 10:20:28,12,8,1,2
Downtown Loop,2025/02/07,2025-02-07 19:32:00,Eastside Mall,2025-02-07 19:51:00,Friday,47.0,Complete,Departed,2025-02-07 19:50:31,2025-02-07 19:51:12,8,12,3,39
Airport Link,2025/05/10,2025-05-10 19:42:00,Harbor Front,2025-05-10 19:54:00,Saturday,47.0,Complete,Departed,2025-05-10 19:56:14,2025-05-10 19:57:06,4,1,1,19
Airport Link,2024/11/11,2024-11-11 16:36:00,Tech Park,2024-11-11 16:53:00,Monday,47.0,Complete,Departed,2024-11-11 16:53:44,2024-11-11 16:54:54,10,8,2,35
Airport Link,2025/03/24,2025-03-24 21:49:00,Stadium Ave,2025-03-24 22:04:00,Monday,47.0,Complete,Departed,2025-03-24 22:07:31,2025-03-24 22:08:49,10,7,0,47
Green Express,2025/03/14,2025-03-14 18:30:00,North Terminal,2025-03-14 18:41:00,Friday,47.0,Complete,Departed,2025-03-14 18:43:21,2025-03-14 18:44:50,5,12,0,44
Red Line Shuttle,2024/11/22,2024-11-22 10:58:00,North Terminal,2024-11-22 11:14:00,Friday,47.0,Complete,Departed,2024-11-22 11:16:50,2024-11-22 11:17:47,14,4,0,15
Red Line Shuttle,2025/05/03,2025-05-03 11:01:00,City Library,2025-05-03 11:16:00,Saturday,47.0,Complete,Departed,2025-05-03 11:14:45,2025-05-03 11:16:12,14,4,2,35
Blue Line Connector,2025/03/13,2025-03-13 08:06:00,Central Station,2025-03-13 08:17:00,Thursday,47.0,Complete,Departed,2025-03-13 08:19:13,2025-03-13 08:19:56,6,2,2,46
Downtown Loop,2024/11/05,2024-11-05 10:09:00,West End Plaza,2024-11-05 10:29:00,Tuesday,47.0,Complete,Departed,2024-11-05 10:31:10,2024-11-05 10:32:26,2,3,3,22
Downtown Loop,2024/10/31,2024-10-31 12:06:00,City Library,2024-10-31 12:21:00,Thursday,47.0,Complete,Departed,2024-10-31 12:22:37,2024-10-31 12:23:38,10,6,0,15
Red Line Shuttle,2024/10/11,2024-10-11 07:28:00,Stadium Ave,2024-10-11 07:41:00,Friday,47.0,Complete,Departed,2024-10-11 07:44:43,2024-10-11 07:45:54,6,0,3,23
Blue Line Connector,2025/03/04,2025-03-04 14:10:00,West End Plaza,2025-03-04 14:29:00,Tuesday,47.0,Complete,Departed,2025-03-04 14:29:34,2025-03-04 14:30:59,8,15,1,12
Blue Line Connector,2024/11/25,2024-11-25 15:25:00,University Gate,2024-11-25 15:38:00,Monday,47.0,Complete,Departed,2024-11-25 15:39:52,2024-11-25 15:40:50,11,2,3,46
Downtown Loop,2025/03/21,2025-03-21 14:45:00,Stadium Ave,2025-03-21 14:57:00,Friday,47.0,Complete,Departed,2025-03-21 14:57:34,2025-03-21 14:58:20,9,4,3,19
Red Line Shuttle,2025/02/04,2025-02-04 16:16:00,Hilltop School,2025-02-04 16:33:00,Tuesday,47.0,Complete,Departed,2025-02-04 16:36:31,2025-02-04 16:37:15,15,0,2,19
Green Express,2024/09/29,2024-09-29 21:28:00,North Terminal,2024-09-29 21:38:00,Sunday,47.0,Complete,Departed,2024-09-29 21:36:47,2024-09-29 21:37:17,1,1,1,29
Red Line Shuttle,2025/02/04,2025-02-04 19:57:00,River Market,2025-02-04 20:12:00,Tuesday,47.0,Complete,Departed,2025-02-04 20:14:21,2025-02-04 20:14:51,8,4,1,31
Blue Line Connector,2024/12/25,2024-12-25 21:23:00,South Park,2024-12-25 21:41:00,Wednesday,47.0,Complete,Departed,2024-12-25 21:41:06,2024-12-25 21:41:59,15,11,1,8
Downtown Loop,2024/09/10,2024-09-10 09:57:00,Tech Park,2024-09-10 10:16:00,Tuesday,47.0,Complete,Departed,2024-09-10 10:19:21,2024-09-10 10:19:51,5,4,3,47
Airport Link,2025/04/13,2025-04-13 07:16:00,Eastside Mall,2025-04-13 07:36:00,Sunday,47.0,Complete,Departed,2025-04-13 07:37:41,2025-04-13 07:38:38,11,10,3,47
Airport Link,2025/03/09,2025-03-09 07:02:00,Central Station,2025-03-09 07:12:00,Sunday,47.0,Complete,Departed,2025-03-09 07:15:52,2025-03-09 07:16:48,1,9,3,15
Downtown Loop,2024/09/26,2024-09-26 13:35:00,Stadium Ave,2024-09-26 13:55:00,Thursday,47.0,Complete,Departed,2024-09-26 13:55:34,2024-09-26 13:56:14,10,8,3,1
Blue Line Connector,2025/05/08,2025-05-08 20:50:00,Harbor Front,2025-05-08 21:00:00,Thursday,47.0,Complete,Departed,2025-05-08 21:03:15,2025-05-08 21:04:00,5,8,0,26
Green Express,2024/12/30,2024-12-30 08:18:00,West End Plaza,2024-12-30 08:33:00,Monday,47.0,Complete,Departed,2024-12-30 08:34:44,2024-12-30 08:35:59,5,3,3,40
Airport Link,2024/09/23,2024-09-23 11:26:00,City Library,2024-09-23 11:41:00,Monday,47.0,Complete,Departed,2024-09-23 11:44:42,2024-09-23 11:45:53,2,13,2,47
Blue Line Connector,2025/01/18,2025-01-18 12:55:00,North Terminal,2025-01-18 13:11:00,Saturday,47.0,Complete,Departed,2025-01-18 13:10:53,2025-01-18 13:11:30,9,1,0,4
Airport Link,2024/11/29,2024-11-29 15:22:00,University Gate,2024-11-29 15:40:00,Friday,47.0,Complete,Departed,2024-11-29 15:43:00,2024-11-29 15:43:55,12,11,3,22
Airport Link,2024/12/12,2024-12-12 09:20:00,West End Plaza,2024-12-12 09:38:00,Thursday,47.0,Complete,Departed,2024-12-12 09:36:36,2024-12-12 09:37:43,4,2,0,24
Blue Line Connector,2025/03/10,2025-03-10 08:33:00,West End Plaza,2025-03-10 08:47:00,Monday,47.0,Complete,Departed,2025-03-10 08:50:24,2025-03-10 08:51:01,7,7,3,47
Blue Line Connector,2024/12/17,2024-12-17 21:48:00,City Library,2024-12-17 22:08:00,Tuesday,47.0,Complete,Departed,2024-12-17 22:10:51,2024-12-17 22:11:58,4,6,0,44
Red Line Shuttle,2024/10/08,2024-10-08 16:22:00,City Library,2024-10-08 16:38:00,Tuesday,47.0,Complete,Departed,2024-10-08 16:36:43,2024-10-08 16:37:35,6,8,1,36
Airport Link,2024/09/27,2024-09-27 17:20:00,North Terminal,2024-09-27 17:34:00,Friday,47.0,Complete,Departed,2024-09-27 17:37:35,2024-09-27 17:38:27,6,5,2,25
Airport Link,2025/05/06,2025-05-06 17:41:00,River Market,2025-05-06 17:56:00,Tuesday,47.0,Complete,Departed,2025-05-06 17:59:28,2025-05-06 18:00:48,2,6,3,5
Blue Line Connector,2024/09/09,2024-09-09 09:53:00,North Terminal,2024-09-09 10:03:00,Monday,47.0,Complete,Departed,2024-09-09 10:06:56,2024-09-09 10:08:19,8,2,2,42
Blue Line Connector,2024/10/04,2024-10-04 10:03:00,South Park,2024-10-04 10:22:00,Friday,47.0,Complete,Departed,2024-10-04 10:24:57,2024-10-04 10:25:27,13,6,1,45
Green Express,2025/02/18,2025-02-18 12:55:00,Stadium Ave,2025-02-18 13:08:00,Tuesday,47.0,Complete,Departed,2025-02-18 13:07:18,2025-02-18 13:08:12,12,5,2,43
Airport Link,2025/01/26,2025-01-26 12:45:00,North Terminal,2025-01-26 12:59:00,Sunday,47.0,Complete,Departed,2025-01-26 13:02:16,2025-01-26 13:02:53,15,2,1,46
Airport Link,2024/09/02,2024-09-02 16:14:00,City Library,2024-09-02 16:27:00,Monday,47.0,Complete,Departed,2024-09-02 16:28:21,2024-09-02 16:28:53,4,11,3,47
Airport Link,2024/09/27,2024-09-27 08:25:00,River Market,2024-09-27 08:45:00,Friday,47.0,Complete,Departed,2024-09-27 08:47:39,2024-09-27 08:48:15,13,9,3,47
Downtown Loop,2024/10/26,2024-10-26 12:56:00,City Library,2024-10-26 13:09:00,Saturday,47.0,Complete,Departed,2024-10-26 13:10:10,2024-10-26 13:11:37,14,2,3,42
Blue Line Connector,2025/01/15,2025-01-15 14:59:00,Hilltop School,2025-01-15 15:14:00,Wednesday,47.0,Complete,Departed,2025-01-15 15:17:27,2025-01-15 15:18:16,9,5,1,47
Downtown Loop,2024/10/07,2024-10-07 07:43:00,Eastside Mall,2024-10-07 08:00:00,Monday,47.0,Complete,Departed,2024-10-07 08:03:38,2024-10-07 08:04:41,5,11,2,32
Downtown Loop,2025/02/20,2025-02-20 15:15:00,Eastside Mall,2025-02-20 15:27:00,Thursday,47.0,Complete,Departed,2025-02-20 15:27:51,2025-02-20 15:28:45,3,15,1,8
Airport Link,2025/02/18,2025-02-18 15:28:00,Harbor Front,2025-02-18 15:46:00,Tuesday,47.0,Complete,Departed,2025-02-18 15:47:20,2025-02-18 15:48:18,7,7,0,24
Blue Line Connector,2025/05/05,2025-05-05 08:15:00,University Gate,2025-05-05 08:27:00,Monday,47.0,Complete,Departed,2025-05-05 08:26:15,2025-05-05 08:27:41,8,2,3,39
Airport Link,2024/10/28,2024-10-28 09:31:00,University Gate,2024-10-28 09:49:00,Monday,47.0,Complete,Departed,2024-10-28 09:50:34,2024-10-28 09:51:55,11,4,3,9
Blue Line Connector,2024/08/28,2024-08-28 18:18:00,North Terminal,2024-08-28 18:37:00,Wednesday,47.0,Complete,Departed,2024-08-28 18:38:50,2024-08-28 18:39:43,9,14,2,30
Downtown Loop,2025/01/31,2025-01-31 17:06:00,North Terminal,2025-01-31 17:23:00,Friday,47.0,Complete,Departed,2025-01-31 17:22:04,2025-01-31 17:22:43,0,3,2,45
Blue Line Connector,2025/03/13,2025-03-13 10:57:00,Hilltop School,2025-03-13 11:14:00,Thursday,47.0,Complete,Departed,2025-03-13 11:14:35,2025-03-13 11:15:09,2,5,2,17
Blue Line Connector,2025/05/03,2025-05-03 10:41:00,North Terminal,2025-05-03 10:58:00,Saturday,47.0,Complete,Departed,2025-05-03 11:00:41,2025-05-03 11:01:20,5,15,2,39
Green Express,2025/01/01,2025-01-01 09:10:00,Stadium Ave,2025-01-01 09:25:00,Wednesday,47.0,Complete,Departed,2025-01-01 09:28:18,2025-01-01 09:28:58,3,4,2,18
Downtown Loop,2024/09/05,2024-09-05 09:33:00,Harbor Front,2024-09-05 09:53:00,Thursday,47.0,Complete,Departed,2024-09-05 09:55:07,2024-09-05 09:55:52,9,10,0,26
Blue Line Connector,2025/02/06,2025-02-06 13:16:00,West End Plaza,2025-02-06 13:35:00,Thursday,47.0,Complete,Departed,2025-02-06 13:37:18,2025-02-06 13:38:25,2,7,0,22
Red Line Shuttle,2024/12/02,2024-12-02 12:13:00,North Terminal,2024-12-02 12:28:00,Monday,47.0,Complete,Departed,2024-12-02 12:28:13,2024-12-02 12:29:16,0,5,0,30
Red Line Shuttle,2024/10/12,2024-10-12 09:32:00,City Library,2024-10-12 09:50:00,Saturday,47.0,Complete,Departed,2024-10-12 09:53:56,2024-10-12 09:55:14,2,12,2,33
Green Express,2024/08/28,2024-08-28 17:39:00,West End Plaza,2024-08-28 17:59:00,Wednesday,47.0,Complete,Departed,2024-08-28 18:01:33,2024-08-28 18:02:06,14,14,0,37
Downtown Loop,2025/01/05,2025-01-05 17:00:00,North Terminal,2025-01-05 17:12:00,Sunday,47.0,Complete,Departed,2025-01-05 17:11:42,2025-01-05 17:12:37,12,13,3,43
Airport Link,2024/08/29,2024-08-29 10:15:00,City Library,2024-08-29 10:34:00,Thursday,47.0,Complete,Departed,2024-08-29 10:36:33,2024-08-29 10:37:16,9,14,0,6
Downtown Loop,2025/03/07,2025-03-07 16:12:00,University Gate,2025-03-07 16:24:00,Friday,47.0,Complete,Departed,2025-03-07 16:26:36,2025-03-07 16:27:15,10,13,0,9
Airport Link,2024/10/29,2024-10-29 10:26:00,River Market,2024-10-29 10:36:00,Tuesday,47.0,Complete,Departed,2024-10-29 10:37:33,2024-10-29 10:38:27,13,9,3,41
Blue Line Connector,2024/09/11,2024-09-11 20:30:00,Harbor Front,2024-09-11 20:40:00,Wednesday,47.0,Complete,Departed,2024-09-11 20:39:35,2024-09-11 20:40:48,15,0,1,40
Red Line Shuttle,2025/01/14,2025-01-14 20:13:00,University Gate,2025-01-14 20:23:00,Tuesday,47.0,Complete,Departed,2025-01-14 20:22:51,2025-01-14 20:23:58,2,5,1,21
Red Line Shuttle,2024/10/24,2024-10-24 18:45:00,Tech Park,2024-10-24 19:03:00,Thursday,47.0,Complete,Departed,2024-10-24 19:06:25,2024-10-24 19:06:55,0,3,2,7
Downtown Loop,2024/10/28,2024-10-28 15:41:00,North Terminal,2024-10-28 15:56:00,Monday,47.0,Complete,Departed,2024-10-28 15:54:35,2024-10-28 15:55:38,13,12,1,47
Blue Line Connector,2024/09/08,2024-09-08 07:12:00,Tech Park,2024-09-08 07:32:00,Sunday,47.0,Complete,Departed,2024-09-08 07:31:35,2024-09-08 07:32:23,9,10,3,25
Airport Link,2024/10/04,2024-10-04 20:09:00,Stadium Ave,2024-10-04 20:19:00,Friday,47.0,Complete,Departed,2024-10-04 20:22:56,2024-10-04 20:23:56,9,12,1,25
Airport Link,2025/01/08,2025-01-08 21:46:00,Hilltop School,2025-01-08 22:03:00,Wednesday,47.0,Complete,Departed,2025-01-08 22:02:06,2025-01-08 22:03:14,6,8,2,3
Downtown Loop,2024/11/18,2024-11-18 12:36:00,North Terminal,2024-11-18 12:47:00,Monday,47.0,Complete,Departed,2024-11-18 12:49:12,2024-11-18 12:50:21,11,8,3,39
Downtown Loop,2025/05/10,2025-05-10 18:41:00,Harbor Front,2025-05-10 18:56:00,Saturday,47.0,Complete,Departed,2025-05-10 18:56:01,2025-05-10 18:56:34,0,9,3,37
Downtown Loop,2025/01/11,2025-01-11 21:42:00,Stadium Ave,2025-01-11 22:01:00,Saturday,47.0,Complete,Departed,2025-01-11 22:02:14,2025-01-11 22:03:01,8,2,0,26
Red Line Shuttle,2025/04/03,2025-04-03 18:22:00,Tech Park,2025-04-03 18:36:00,Thursday,47.0,Complete,Departed,2025-04-03 18:36:56,2025-04-03 18:37:29,9,6,2,9
Red Line Shuttle,2025/02/07,2025-02-07 20:01:00,North Terminal,2025-02-07 20:21:00,Friday,47.0,Complete,Departed,2025-02-07 20:23:17,2025-02-07 20:23:48,14,11,0,13
Downtown Loop,2024/09/07,2024-09-07 07:01:00,Stadium Ave,2024-09-07 07:21:00,Saturday,47.0,Complete,Departed,2024-09-07 07:23:03,2024-09-07 07:23:57,15,2,0,47
Green Express,2024/12/12,2024-12-12 07:34:00,River Market,2024-12-12 07:52:00,Thursday,47.0,Complete,Departed,2024-12-12 07:53:31,2024-12-12 07:54:30,10,2,2,29
Blue Line Connector,2025/02/24,2025-02-24 12:22:00,City Library,2025-02-24 12:35:00,Monday,47.0,Complete,Departed,2025-02-24 12:37:54,2025-02-24 12:38:56,12,10,1,28
Green Express,2024/09/28,2024-09-28 07:28:00,River Market,2024-09-28 07:38:00,Saturday,47.0,Complete,Departed,2024-09-28 07:37:06,2024-09-28 07:38:00,5,3,3,44
Red Line Shuttle,2025/01/21,2025-01-21 17:49:00,Harbor Front,2025-01-21 18:01:00,Tuesday,47.0,Complete,Departed,2025-01-21 18:01:04,2025-01-21 18:02:34,2,3,2,6
Green Express,2025/04/03,2025-04-03 09:43:00,Hilltop School,2025-04-03 10:02:00,Thursday,47.0,Complete,Departed,2025-04-03 10:02:34,2025-04-03 10:03:39,7,6,3,15
Green Express,2024/10/11,2024-10-11 20:18:00,Tech Park,2024-10-11 20:35:00,Friday,47.0,Complete,Departed,2024-10-11 20:36:00,2024-10-11 20:36:50,0,10,1,24
Airport Link,2024/11/26,2024-11-26 10:13:00,South Park,2024-11-26 10:27:00,Tuesday,47.0,Complete,Departed,2024-11-26 10:26:48,2024-11-26 10:27:43,15,11,3,0
Green Express,2025/01/25,2025-01-25 09:03:00,North Terminal,2025-01-25 09:18:00,Saturday,47.0,Complete,Departed,2025-01-25 09:21:04,2025-01-25 09:21:37,7,5,0,37
Downtown Loop,2025/03/05,2025-03-05 07:16:00,North Terminal,2025-03-05 07:31:00,Wednesday,47.0,Complete,Departed,2025-03-05 07:30:09,2025-03-05 07:31:21,0,13,1,10
Red Line Shuttle,2025/03/02,2025-03-02 13:58:00,Central Station,2025-03-02 14:10:00,Sunday,47.0,Complete,Departed,2025-03-02 14:10:56,2025-03-02 14:11:50,0,7,2,45
Blue Line Connector,2024/09/08,2024-09-08 16:12:00,South Park,2024-09-08 16:31:00,Sunday,47.0,Complete,Departed,2024-09-08 16:33:43,2024-09-08 16:35:00,4,0,0,23
Downtown Loop,2025/01/23,2025-01-23 13:01:00,Tech Park,2025-01-23 13:12:00,Thursday,47.0,Complete,Departed,2025-01-23 13:11:39,2025-01-23 13:12:23,3,8,3,41
Red Line Shuttle,2024/09/02,2024-09-02 12:02:00,University Gate,2024-09-02 12:15:00,Monday,47.0,Complete,Departed,2024-09-02 12:17:47,2024-09-02 12:18:49,13,13,3,7
Green Express,2024/10/18,2024-10-18 15:37:00,Stadium Ave,2024-10-18 15:48:00,Friday,47.0,Complete,Departed,2024-10-18 15:50:04,2024-10-18 15:50:39,2,13,3,37
Blue Line Connector,2024/09/05,2024-09-05 09:16:00,Hilltop School,2024-09-05 09:32:00,Thursday,47.0,Complete,Departed,2024-09-05 09:30:54,2024-09-05 09:31:41,15,3,0,38
Airport Link,2024/11/28,2024-11-28 14:42:00,Eastside Mall,2024-11-28 14:57:00,Thursday,47.0,Complete,Departed,2024-11-28 15:00:50,2024-11-28 15:02:15,4,15,2,40
Airport Link,2025/04/30,2025-04-30 16:18:00,Hilltop School,2025-04-30 16:35:00,Wednesday,47.0,Complete,Departed,2025-04-30 16:34:48,2025-04-30 16:35:31,11,11,0,18
Downtown Loop,2025/04/04,2025-04-04 16:42:00,South Park,2025-04-04 16:58:00,Friday,47.0,Complete,Departed,2025-04-04 17:00:01,2025-04-04 17:00:45,2,8,3,3
Red Line Shuttle,2024/12/31,2024-12-31 16:33:00,River Market,2024-12-31 16:46:00,Tuesday,47.0,Complete,Departed,2024-12-31 16:45:44,2024-12-31 16:46:52,12,14,3,30
Downtown Loop,2025/04/09,2025-04-09 08:33:00,North Terminal,2025-04-09 08:53:00,Wednesday,47.0,Complete,Departed,2025-04-09 08:56:21,2025-04-09 08:57:50,2,10,0,38
Airport Link,2025/04/04,2025-04-04 10:19:00,University Gate,2025-04-04 10:34:00,Friday,47.0,Complete,Departed,2025-04-04 10:32:31,2025-04-04 10:33:43,0,14,3,23
Airport Link,2025/03/16,2025-03-16 11:29:00,Hilltop School,2025-03-16 11:49:00,Sunday,47.0,Complete,Departed,2025-03-16 11:52:41,2025-03-16 11:53:25,3,3,0,16
Green Express,2024/10/04,2024-10-04 09:09:00,Harbor Front,2024-10-04 09:24:00,Friday,47.0,Complete,Departed,2024-10-04 09:24:36,2024-10-04 09:25:44,2,10,3,20
Airport Link,2025/02/28,2025-02-28 14:09:00,North Terminal,2025-02-28 14:28:00,Friday,47.0,Complete,Departed,2025-02-28 14:27:09,2025-02-28 14:27:51,15,14,1,38
Blue Line Connector,2025/03/12,2025-03-12 10:12:00,River Market,2025-03-12 10:22:00,Wednesday,47.0,Complete,Departed,2025-03-12 10:25:46,2025-03-12 10:26:16,6,9,2,3
Downtown Loop,2024/12/20,2024-12-20 19:13:00,Hilltop School,2024-12-20 19:33:00,Friday,47.0,Complete,Departed,2024-12-20 19:33:28,2024-12-20 19:34:03,5,7,2,40
Blue Line Connector,2024/12/03,2024-12-03 07:33:00,Tech Park,2024-12-03 07:43:00,Tuesday,47.0,Complete,Departed,2024-12-03 07:42:02,2024-12-03 07:43:25,7,12,2,31
Blue Line Connector,2024/09/22,2024-09-22 19:46:00,Stadium Ave,2024-09-22 19:57:00,Sunday,47.0,Complete,Departed,2024-09-22 19:59:53,2024-09-22 20:00:31,3,6,2,19
Green Express,2024/10/11,2024-10-11 16:31:00,Harbor Front,2024-10-11 16:49:00,Friday,47.0,Complete,Departed,2024-10-11 16:51:35,2024-10-11 16:52:23,2,11,2,42
Blue Line Connector,2025/04/21,2025-04-21 20:44:00,Tech Park,2025-04-21 20:58:00,Monday,47.0,Complete,Departed,2025-04-21 21:01:18,2025-04-21 21:02:33,15,14,2,11
Blue Line Connector,2024/12/15,2024-12-15 08:05:00,South Park,2024-12-15 08:25:00,Sunday,47.0,Complete,Departed,2024-12-15 08:28:15,2024-12-15 08:29:41,2,6,0,6
Red Line Shuttle,2025/02/18,2025-02-18 17:50:00,River Market,2025-02-18 18:05:00,Tuesday,47.0,Complete,Departed,2025-02-18 18:07:00,2025-02-18 18:08:14,12,7,1,38
Airport Link,2024/11/30,2024-11-30 08:57:00,South Park,2024-11-30 09:09:00,Saturday,47.0,Complete,Departed,2024-11-30 09:09:11,2024-11-30 09:10:34,13,7,0,10
Airport Link,2024/08/26,2024-08-26 17:03:00,Tech Park,2024-08-26 17:16:00,Monday,47.0,Complete,Departed,2024-08-26 17:15:24,2024-08-26 17:16:32,7,2,1,43
Downtown Loop,2025/03/16,2025-03-16 14:42:00,South Park,2025-03-16 14:59:00,Sunday,47.0,Complete,Departed,2025-03-16 15:01:53,2025-03-16 15:03:18,6,6,3,29
Blue Line Connector,2024/09/30,2024-09-30 21:08:00,River Market,2024-09-30 21:24:00,Monday,47.0,Complete,Departed,2024-09-30 21:25:36,2024-09-30 21:26:16,14,4,2,42
Red Line Shuttle,2024/09/07,2024-09-07 10:36:00,South Park,2024-09-07 10:53:00,Saturday,47.0,Complete,Departed,2024-09-07 10:52:06,2024-09-07 10:53:15,8,3,2,11
Blue Line Connector,2024/11/04,2024-11-04 20:16:00,Harbor Front,2024-11-04 20:34:00,Monday,47.0,Complete,Departed,2024-11-04 20:37:19,2024-11-04 20:38:27,0,11,1,9
Airport Link,2025/03/13,2025-03-13 11:37:00,Eastside Mall,2025-03-13 11:55:00,Thursday,47.0,Complete,Departed,2025-03-13 11:55:16,2025-03-13 11:56:09,2,8,3,31
Downtown Loop,2025/02/24,2025-02-24 16:13:00,West End Plaza,2025-02-24 16:33:00,Monday,47.0,Complete,Departed,2025-02-24 16:32:21,2025-02-24 16:33:00,11,4,1,28
Blue Line Connector,2024/12/25,2024-12-25 20:40:00,Central Station,2024-12-25 20:53:00,Wednesday,47.0,Complete,Departed,2024-12-25 20:56:31,2024-12-25 20:57:53,11,8,3,12
Airport Link,2025/02/04,2025-02-04 16:00:00,River Market,2025-02-04 16:18:00,Tuesday,47.0,Complete,Departed,2025-02-04 16:19:45,2025-02-04 16:20:15,14,11,1,47
Blue Line Connector,2024/11/15,2024-11-15 15:35:00,Hilltop School,2024-11-15 15:54:00,Friday,47.0,Complete,Departed,2024-11-15 15:52:59,2024-11-15 15:53:41,11,2,1,42
Downtown Loop,2024/09/20,2024-09-20 13:23:00,University Gate,2024-09-20 13:36:00,Friday,47.0,Complete,Departed,2024-09-20 13:37:15,2024-09-20 13:38:26,12,3,2,46
Blue Line Connector,2024/09/17,2024-09-17 20:01:00,Stadium Ave,2024-09-17 20:12:00,Tuesday,47.0,Complete,Departed,2024-09-17 20:13:56,2024-09-17 20:15:14,12,15,3,24
Blue Line Connector,2024/10/04,2024-10-04 13:46:00,River Market,2024-10-04 14:03:00,Friday,47.0,Complete,Departed,2024-10-04 14:04:23,2024-10-04 14:05:04,0,4,2,10
Red Line Shuttle,2025/04/24,2025-04-24 20:18:00,Stadium Ave,2025-04-24 20:36:00,Thursday,47.0,Complete,Departed,2025-04-24 20:37:57,2025-04-24 20:38:46,2,11,2,46
Airport Link,2025/03/14,2025-03-14 12:55:00,North Terminal,2025-03-14 13:12:00,Friday,47.0,Complete,Departed,2025-03-14 13:12:04,2025-03-14 13:13:32,10,0,1,1
Airport Link,2024/10/23,2024-10-23 11:18:00,Eastside Mall,2024-10-23 11:36:00,Wednesday,47.0,Complete,Departed,2024-10-23 11:39:13,2024-10-23 11:39:50,6,13,3,47
Blue Line Connector,2024/09/20,2024-09-20 18:30:00,Central Station,2024-09-20 18:42:00,Friday,47.0,Complete,Departed,2024-09-20 18:41:37,2024-09-20 18:43:00,0,12,0,28
Downtown Loop,2024/11/04,2024-11-04 17:46:00,River Market,2024-11-04 17:58:00,Monday,47.0,Complete,Departed,2024-11-04 17:57:19,2024-11-04 17:58:05,13,0,0,20
Downtown Loop,2025/01/27,2025-01-27 21:56:00,University Gate,2025-01-27 22:11:00,Monday,47.0,Complete,Departed,2025-01-27 22:11:19,2025-01-27 22:12:04,3,7,2,10
Red Line Shuttle,2024/09/13,2024-09-13 08:27:00,Hilltop School,2024-09-13 08:43:00,Friday,47.0,Complete,Departed,2024-09-13 08:45:16,2024-09-13 08:46:42,2,11,1,29
Airport Link,2024/09/21,2024-09-21 13:13:00,Eastside Mall,2024-09-21 13:33:00,Saturday,47.0,Complete,Departed,2024-09-21 13:31:43,2024-09-21 13:32:57,5,14,0,37
Downtown Loop,2024/08/30,2024-08-30 14:29:00,Central Station,2024-08-30 14:42:00,Friday,47.0,Complete,Departed,2024-08-30 14:43:28,2024-08-30 14:44:56,3,15,0,29
Green Express,2024/11/10,2024-11-10 10:49:00,North Terminal,2024-11-10 11:09:00,Sunday,47.0,Complete,Departed,2024-11-10 11:07:33,2024-11-10 11:08:59,2,6,2,22
Red Line Shuttle,2025/03/08,2025-03-08 10:17:00,Stadium Ave,2025-03-08 10:36:00,Saturday,47.0,Complete,Departed,2025-03-08 10:39:29,2025-03-08 10:40:03,12,4,0,38
Airport Link,2025/01/27,2025-01-27 08:00:00,Harbor Front,2025-01-27 08:18:00,Monday,47.0,Complete,Departed,2025-01-27 08:19:49,2025-01-27 08:20:24,4,1,3,2
Red Line Shuttle,2025/02/19,2025-02-19 08:43:00,South Park,2025-02-19 08:56:00,Wednesday,47.0,Complete,Departed,2025-02-19 08:58:17,2025-02-19 08:59:10,10,14,1,11
Blue Line Connector,2024/11/22,2024-11-22 20:03:00,North Terminal,2024-11-22 20:13:00,Friday,47.0,Complete,Departed,2024-11-22 20:16:38,2024-11-22 20:17:30,3,2,1,6
Downtown Loop,2024/10/01,2024-10-01 09:59:00,Harbor Front,2024-10-01 10:16:00,Tuesday,47.0,Complete,Departed,2024-10-01 10:19:45,2024-10-01 10:20:26,9,7,2,23
Blue Line Connector,2024/10/04,2024-10-04 10:18:00,River Market,2024-10-04 10:35:00,Friday,47.0,Complete,Departed,2024-10-04 10:34:32,2024-10-04 10:35:29,12,4,0,11
Blue Line Connector,2025/02/15,2025-02-15 15:28:00,South Park,2025-02-15 15:45:00,Saturday,47.0,Complete,Departed,2025-02-15 15:48:35,2025-02-15 15:49:19,3,15,2,45
Green Express,2025/04/14,2025-04-14 20:49:00,Stadium Ave,2025-04-14 21:03:00,Monday,47.0,Complete,Departed,2025-04-14 21:02:06,2025-04-14 21:03:34,0,12,1,6
Red Line Shuttle,2024/08/28,2024-08-28 19:48:00,Eastside Mall,2024-08-28 20:07:00,Wednesday,47.0,Complete,Departed,2024-08-28 20:07:23,2024-08-28 20:07:57,5,2,3,31
Downtown Loop,2024/08/31,2024-08-31 16:56:00,Tech Park,2024-08-31 17:06:00,Saturday,47.0,Complete,Departed,2024-08-31 17:05:31,2024-08-31 17:06:10,4,0,3,42
Downtown Loop,2024/09/08,2024-09-08 12:29:00,Stadium Ave,2024-09-08 12:45:00,Sunday,47.0,Complete,Departed,2024-09-08 12:44:05,2024-09-08 12:44:48,15,14,0,35
Green Express,2024/11/11,2024-11-11 15:11:00,Eastside Mall,2024-11-11 15:25:00,Monday,47.0,Complete,Departed,2024-11-11 15:25:41,2024-11-11 15:27:05,2,6,0,28
Airport Link,2024/10/29,2024-10-29 07:54:00,Tech Park,2024-10-29 08:06:00,Tuesday,47.0,Complete,Departed,2024-10-29 08:07:32,2024-10-29 08:08:28,2,15,2,33
Green Express,2025/03/18,2025-03-18 13:46:00,Central Station,2025-03-18 13:59:00,Tuesday,47.0,Complete,Departed,2025-03-18 14:00:06,2025-03-18 14:01:36,9,12,3,1
Downtown Loop,2024/09/16,2024-09-16 20:56:00,Central Station,2024-09-16 21:06:00,Monday,47.0,Complete,Departed,2024-09-16 21:06:06,2024-09-16 21:07:21,11,5,3,6
Green Express,2024/10/28,2024-10-28 14:59:00,Eastside Mall,2024-10-28 15:17:00,Monday,47.0,Complete,Departed,2024-10-28 15:19:12,2024-10-28 15:20:25,10,15,1,47
Blue Line Connector,2024/12/22,2024-12-22 09:39:00,South Park,2024-12-22 09:55:00,Sunday,47.0,Complete,Departed,2024-12-22 09:54:17,2024-12-22 09:55:11,15,15,2,1
Airport Link,2025/04/24,2025-04-24 09:30:00,South Park,2025-04-24 09:46:00,Thursday,47.0,Complete,Departed,2025-04-24 09:47:24,2025-04-24 09:48:32,10,5,3,5
Green Express,2024/09/12,2024-09-12 11:18:00,Central Station,2024-09-12 11:37:00,Thursday,47.0,Complete,Departed,2024-09-12 11:38:42,2024-09-12 11:39:39,8,6,2,22
Blue Line Connector,2024/11/25,2024-11-25 15:16:00,South Park,2024-11-25 15:35:00,Monday,47.0,Complete,Departed,2024-11-25 15:37:58,2024-11-25 15:39:05,8,4,0,28
Blue Line Connector,2025/01/19,2025-01-19 16:50:00,River Market,2025-01-19 17:10:00,Sunday,47.0,Complete,Departed,2025-01-19 17:13:47,2025-01-19 17:14:46,6,6,2,39
Downtown Loop,2025/03/11,2025-03-11 18:28:00,Tech Park,2025-03-11 18:48:00,Tuesday,47.0,Complete,Departed,2025-03-11 18:48:37,2025-03-11 18:49:20,9,5,1,5
Downtown Loop,2024/10/18,2024-10-18 15:47:00,Tech Park,2024-10-18 16:01:00,Friday,47.0,Complete,Departed,2024-10-18 16:00:42,2024-10-18 16:02:08,14,7,1,7
Green Express,2024/09/19,2024-09-19 14:47:00,University Gate,2024-09-19 15:06:00,Thursday,47.0,Complete,Departed,2024-09-19 15:07:23,2024-09-19 15:08:42,11,11,3,23
Downtown Loop,2024/10/05,2024-10-05 10:46:00,West End Plaza,2024-10-05 10:58:00,Saturday,47.0,Complete,Departed,2024-10-05 11:01:44,2024-10-05 11:02:20,6,13,2,27
Green Express,2024/10/08,2024-10-08 21:42:00,City Library,2024-10-08 21:58:00,Tuesday,47.0,Complete,Departed,2024-10-08 22:00:52,2024-10-08 22:02:13,9,3,0,29
Red Line Shuttle,2024/09/29,2024-09-29 20:50:00,South Park,2024-09-29 21:06:00,Sunday,47.0,Complete,Departed,2024-09-29 21:04:43,2024-09-29 21:05:43,5,12,0,18
Airport Link,2024/11/14,2024-11-14 20:16:00,Hilltop School,2024-11-14 20:26:00,Thursday,47.0,Complete,Departed,2024-11-14 20:27:29,2024-11-14 20:28:33,11,7,1,47
Red Line Shuttle,2025/05/08,2025-05-08 13:49:00,West End Plaza,2025-05-08 13:59:00,Thursday,47.0,Complete,Departed,2025-05-08 13:59:42,2025-05-08 14:00:17,7,7,1,28
Green Express,2025/04/08,2025-04-08 08:38:00,Eastside Mall,2025-04-08 08:52:00,Tuesday,47.0,Complete,Departed,2025-04-08 08:53:25,2025-04-08 08:54:35,7,7,3,17
Green Express,2025/01/28,2025-01-28 12:21:00,Eastside Mall,2025-01-28 12:31:00,Tuesday,47.0,Complete,Departed,2025-01-28 12:34:35,2025-01-28 12:35:34,12,8,1,41
Blue Line Connector,2024/11/11,2024-11-11 08:37:00,Stadium Ave,2024-11-11 08:56:00,Monday,47.0,Complete,Departed,2024-11-11 08:54:58,2024-11-11 08:55:36,6,1,1,33
Downtown Loop,2025/01/02,2025-01-02 15:29:00,West End Plaza,2025-01-02 15:44:00,Thursday,47.0,Complete,Departed,2025-01-02 15:47:39,2025-01-02 15:48:32,0,12,3,27
Airport Link,2025/01/09,2025-01-09 18:53:00,River Market,2025-01-09 19:05:00,Thursday,47.0,Complete,Departed,2025-01-09 19:06:59,2025-01-09 19:07:47,2,8,2,6
Airport Link,2024/10/26,2024-10-26 10:19:00,Eastside Mall,2024-10-26 10:35:00,Saturday,47.0,Complete,Departed,2024-10-26 10:35:32,2024-10-26 10:36:10,4,10,0,0
Blue Line Connector,2025/01/11,2025-01-11 18:33:00,Hilltop School,2025-01-11 18:43:00,Saturday,47.0,Complete,Departed,2025-01-11 18:46:04,2025-01-11 18:47:00,1,13,0,26
Red Line Shuttle,2024/12/19,2024-12-19 21:53:00,Eastside Mall,2024-12-19 22:03:00,Thursday,47.0,Complete,Departed,2024-12-19 22:03:18,2024-12-19 22:04:38,11,4,3,36
Downtown Loop,2024/12/12,2024-12-12 11:08:00,Tech Park,2024-12-12 11:27:00,Thursday,47.0,Complete,Departed,2024-12-12 11:29:14,2024-12-12 11:29:56,10,2,3,30
Downtown Loop,2025/03/20,2025-03-20 17:03:00,Stadium Ave,2025-03-20 17:13:00,Thursday,47.0,Complete,Departed,2025-03-20 17:15:57,2025-03-20 17:17:15,1,8,2,43
Airport Link,2025/02/20,2025-02-20 16:18:00,Stadium Ave,2025-02-20 16:32:00,Thursday,47.0,Complete,Departed,2025-02-20 16:32:25,2025-02-20 16:33:34,5,3,0,47
Blue Line Connector,2025/02/21,2025-02-21 19:16:00,City Library,2025-02-21 19:26:00,Friday,47.0,Complete,Departed,2025-02-21 19:26:35,2025-02-21 19:27:47,13,10,2,47
Airport Link,2025/04/03,2025-04-03 17:40:00,Stadium Ave,2025-04-03 17:50:00,Thursday,47.0,Complete,Departed,2025-04-03 17:51:25,2025-04-03 17:52:42,13,6,2,28
Downtown Loop,2024/10/17,2024-10-17 11:44:00,University Gate,2024-10-17 12:01:00,Thursday,47.0,Complete,Departed,2024-10-17 12:03:24,2024-10-17 12:04:49,6,15,1,25
Green Express,2025/03/31,2025-03-31 15:26:00,North Terminal,2025-03-31 15:39:00,Monday,47.0,Complete,Departed,2025-03-31 15:41:01,2025-03-31 15:41:53,5,13,1,47
Airport Link,2024/09/26,2024-09-26 12:15:00,Tech Park,2024-09-26 12:25:00,Thursday,47.0,Complete,Departed,2024-09-26 12:23:35,2024-09-26 12:24:45,4,6,2,39
Airport Link,2025/01/23,2025-01-23 12:04:00,Tech Park,2025-01-23 12:15:00,Thursday,47.0,Complete,Departed,2025-01-23 12:18:03,2025-01-23 12:19:24,11,8,0,13
Downtown Loop,2025/02/15,2025-02-15 15:46:00,Tech Park,2025-02-15 15:57:00,Saturday,47.0,Complete,Departed,2025-02-15 15:58:05,2025-02-15 15:59:30,5,1,0,34
Red Line Shuttle,2025/01/17,2025-01-17 15:58:00,West End Plaza,2025-01-17 16:10:00,Friday,47.0,Complete,Departed,2025-01-17 16:11:25,2025-01-17 16:12:14,7,11,1,36
Red Line Shuttle,2025/03/26,2025-03-26 15:01:00,Tech Park,2025-03-26 15:15:00,Wednesday,47.0,Complete,Departed,2025-03-26 15:18:16,2025-03-26 15:19:24,6,2,1,24
Green Express,2025/02/05,2025-02-05 17:45:00,Central Station,2025-02-05 17:57:00,Wednesday,47.0,Complete,Departed,2025-02-05 17:59:46,2025-02-05 18:00:53,3,15,0,36
Blue Line Connector,2024/09/19,2024-09-19 10:58:00,Hilltop School,2024-09-19 11:11:00,Thursday,47.0,Complete,Departed,2024-09-19 11:12:12,2024-09-19 11:13:41,6,9,0,27
Airport Link,2025/02/26,2025-02-26 18:18:00,Harbor Front,2025-02-26 18:35:00,Wednesday,47.0,Complete,Departed,2025-02-26 18:36:39,2025-02-26 18:38:07,0,11,2,29
Airport Link,2024/09/08,2024-09-08 08:12:00,University Gate,2024-09-08 08:24:00,Sunday,47.0,Complete,Departed,2024-09-08 08:25:29,2024-09-08 08:26:12,10,7,1,20
Red Line Shuttle,2025/04/29,2025-04-29 15:43:00,North Terminal,2025-04-29 15:53:00,Tuesday,47.0,Complete,Departed,2025-04-29 15:56:30,2025-04-29 15:57:54,6,15,0,15
Red Line Shuttle,2024/11/20,2024-11-20 13:06:00,Hilltop School,2024-11-20 13:22:00,Wednesday,47.0,Complete,Departed,2024-11-20 13:22:48,2024-11-20 13:23:28,8,6,2,13
Blue Line Connector,2024/09/06,2024-09-06 08:31:00,Hilltop School,2024-09-06 08:41:00,Friday,47.0,Complete,Departed,2024-09-06 08:41:25,2024-09-06 08:42:31,12,11,2,24
Blue Line Connector,2025/04/27,2025-04-27 14:51:00,Eastside Mall,2025-04-27 15:03:00,Sunday,47.0,Complete,Departed,2025-04-27 15:05:28,2025-04-27 15:06:54,0,5,2,30
Downtown Loop,2025/01/23,2025-01-23 15:10:00,Stadium Ave,2025-01-23 15:26:00,Thursday,47.0,Complete,Departed,2025-01-23 15:25:08,2025-01-23 15:26:26,0,1,0,39
Green Express,2025/04/03,2025-04-03 19:45:00,Hilltop School,2025-04-03 19:57:00,Thursday,47.0,Complete,Departed,2025-04-03 19:57:08,2025-04-03 19:58:20,11,4,1,19
Airport Link,2025/03/01,2025-03-01 12:56:00,City Library,2025-03-01 13:13:00,Saturday,47.0,Complete,Departed,2025-03-01 13:13:07,2025-03-01 13:14:01,1,13,3,41
Blue Line Connector,2025/03/29,2025-03-29 09:18:00,Stadium Ave,2025-03-29 09:32:00,Saturday,47.0,Complete,Departed,2025-03-29 09:31:38,2025-03-29 09:32:44,1,8,0,47
Blue Line Connector,2025/03/30,2025-03-30 16:59:00,Tech Park,2025-03-30 17:18:00,Sunday,47.0,Complete,Departed,2025-03-30 17:17:51,2025-03-30 17:18:39,2,3,3,23
Green Express,2024/10/16,2024-10-16 10:56:00,Stadium Ave,2024-10-16 11:06:00,Wednesday,47.0,Complete,Departed,2024-10-16 11:09:02,2024-10-16 11:10:10,7,6,2,27
Red Line Shuttle,2024/12/12,2024-12-12 08:41:00,University Gate,2024-12-12 09:00:00,Thursday,47.0,Complete,Departed,2024-12-12 09:03:08,2024-12-12 09:03:55,7,1,3,40
Blue Line Connector,2025/02/11,2025-02-11 20:17:00,North Terminal,2025-02-11 20:34:00,Tuesday,47.0,Complete,Departed,2025-02-11 20:36:09,2025-02-11 20:37:22,8,14,1,43
Airport Link,2025/04/12,2025-04-12 08:48:00,West End Plaza,2025-04-12 09:01:00,Saturday,47.0,Complete,Departed,2025-04-12 09:01:53,2025-04-12 09:02:42,15,5,0,18
Green Express,2024/09/26,2024-09-26 08:16:00,North Terminal,2024-09-26 08:36:00,Thursday,47.0,Complete,Departed,2024-09-26 08:35:55,2024-09-26 08:37:22,8,15,3,4
Red Line Shuttle,2024/12/05,2024-12-05 20:27:00,Eastside Mall,2024-12-05 20:38:00,Thursday,47.0,Complete,Departed,2024-12-05 20:37:20,2024-12-05 20:38:22,14,5,1,39
Green Express,2024/08/31,2024-08-31 09:43:00,University Gate,2024-08-31 09:59:00,Saturday,47.0,Complete,Departed,2024-08-31 09:59:53,2024-08-31 10:01:05,9,9,1,31
Green Express,2024/10/28,2024-10-28 12:53:00,University Gate,2024-10-28 13:12:00,Monday,47.0,Complete,Departed,2024-10-28 13:12:57,2024-10-28 13:13:42,11,10,2,24
Downtown Loop,2024/09/19,2024-09-19 12:36:00,South Park,2024-09-19 12:46:00,Thursday,47.0,Complete,Departed,2024-09-19 12:48:19,2024-09-19 12:49:43,7,15,1,29
Downtown Loop,2025/05/06,2025-05-06 09:44:00,Tech Park,2025-05-06 10:02:00,Tuesday,47.0,Complete,Departed,2025-05-06 10:04:31,2025-05-06 10:05:59,13,1,0,26
Blue Line Connector,2025/04/28,2025-04-28 08:07:00,Central Station,2025-04-28 08:23:00,Monday,47.0,Complete,Departed,2025-04-28 08:23:09,2025-04-28 08:24:28,2,1,2,34
Green Express,2024/10/05,2024-10-05 16:29:00,Tech Park,2024-10-05 16:45:00,Saturday,47.0,Complete,Departed,2024-10-05 16:46:11,2024-10-05 16:46:57,15,8,2,44
Blue Line Connector,2025/04/10,2025-04-10 13:54:00,Tech Park,2025-04-10 14:14:00,Thursday,47.0,Complete,Departed,2025-04-10 14:16:57,2025-04-10 14:18:08,15,11,2,7
Downtown Loop,2024/09/16,2024-09-16 19:57:00,North Terminal,2024-09-16 20:17:00,Monday,47.0,Complete,Departed,2024-09-16 20:17:34,2024-09-16 20:18:53,0,11,3,45
Downtown Loop,2024/11/05,2024-11-05 13:58:00,University Gate,2024-11-05 14:10:00,Tuesday,47.0,Complete,Departed,2024-11-05 14:13:05,2024-11-05 14:14:30,10,5,2,38
Red Line Shuttle,2024/11/19,2024-11-19 13:01:00,South Park,2024-11-19 13:13:00,Tuesday,47.0,Complete,Departed,2024-11-19 13:16:38,2024-11-19 13:17:24,2,15,1,47
Red Line Shuttle,2024/09/27,2024-09-27 08:48:00,City Library,2024-09-27 09:05:00,Friday,47.0,Complete,Departed,2024-09-27 09:04:58,2024-09-27 09:06:28,10,8,2,39
Airport Link,2025/03/14,2025-03-14 16:20:00,Stadium Ave,2025-03-14 16:40:00,Friday,47.0,Complete,Departed,2025-03-14 16:42:37,2025-03-14 16:43:39,7,4,2,40
Blue Line Connector,2025/03/02,2025-03-02 19:56:00,Eastside Mall,2025-03-02 20:06:00,Sunday,47.0,Complete,Departed,2025-03-02 20:07:40,2025-03-02 20:08:25,3,8,2,47
Airport Link,2025/01/03,2025-01-03 09:01:00,Tech Park,2025-01-03 09:17:00,Friday,47.0,Complete,Departed,2025-01-03 09:15:34,2025-01-03 09:16:41,0,9,1,19
Red Line Shuttle,2024/12/20,2024-12-20 19:14:00,Tech Park,2024-12-20 19:33:00,Friday,47.0,Complete,Departed,2024-12-20 19:35:57,2024-12-20 19:36:37,13,6,1,22
Downtown Loop,2025/01/28,2025-01-28 14:18:00,Tech Park,2025-01-28 14:28:00,Tuesday,47.0,Complete,Departed,2025-01-28 14:27:50,2025-01-28 14:29:01,0,3,1,45
Red Line Shuttle,2025/02/17,2025-02-17 08:06:00,Harbor Front,2025-02-17 08:25:00,Monday,47.0,Complete,Departed,2025-02-17 08:27:04,2025-02-17 08:27:37,6,7,0,20
Airport Link,2025/02/02,2025-02-02 08:56:00,South Park,2025-02-02 09:16:00,Sunday,47.0,Complete,Departed,2025-02-02 09:19:43,2025-02-02 09:20:44,1,5,2,41
Airport Link,2024/10/13,2024-10-13 12:26:00,River Market,2024-10-13 12:45:00,Sunday,47.0,Complete,Departed,2024-10-13 12:46:29,2024-10-13 12:47:13,5,9,2,27
Red Line Shuttle,2024/12/15,2024-12-15 12:51:00,Tech Park,2024-12-15 13:11:00,Sunday,47.0,Complete,Departed,2024-12-15 13:13:09,2024-12-15 13:13:40,10,7,0,10
Red Line Shuttle,2024/11/15,2024-11-15 10:01:00,Eastside Mall,2024-11-15 10:21:00,Friday,47.0,Complete,Departed,2024-11-15 10:19:38,2024-11-15 10:20:47,5,1,3,33
Airport Link,2024/10/16,2024-10-16 14:43:00,City Library,2024-10-16 14:56:00,Wednesday,47.0,Complete,Departed,2024-10-16 14:55:15,2024-10-16 14:55:54,3,1,2,47
Downtown Loop,2025/03/21,2025-03-21 11:55:00,North Terminal,2025-03-21 12:06:00,Friday,47.0,Complete,Departed,2025-03-21 12:04:33,2025-03-21 12:05:46,3,13,1,39
Red Line Shuttle,2025/04/25,2025-04-25 09:12:00,University Gate,2025-04-25 09:26:00,Friday,47.0,Complete,Departed,2025-04-25 09:26:16,2025-04-25 09:27:17,7,10,1,47
Red Line Shuttle,2025/01/26,2025-01-26 09:57:00,Eastside Mall,2025-01-26 10:09:00,Sunday,47.0,Complete,Departed,2025-01-26 10:07:40,2025-01-26 10:08:50,6,0,1,18
Green Express,2025/04/02,2025-04-02 11:33:00,River Market,2025-04-02 11:46:00,Wednesday,47.0,Complete,Departed,2025-04-02 11:46:57,2025-04-02 11:48:19,0,4,2,33
Green Express,2024/09/23,2024-09-23 12:48:00,Stadium Ave,2024-09-23 13:04:00,Monday,47.0,Complete,Departed,2024-09-23 13:03:01,2024-09-23 13:04:24,15,15,1,27
Green Express,2024/11/12,2024-11-12 17:10:00,Harbor Front,2024-11-12 17:30:00,Tuesday,47.0,Complete,Departed,2024-11-12 17:31:03,2024-11-12 17:32:22,12,12,0,0
Airport Link,2025/01/11,2025-01-11 18:38:00,West End Plaza,2025-01-11 18:57:00,Saturday,47.0,Complete,Departed,2025-01-11 19:00:59,2025-01-11 19:01:49,13,5,2,13
Blue Line Connector,2025/02/11,2025-02-11 16:14:00,West End Plaza,2025-02-11 16:33:00,Tuesday,47.0,Complete,Departed,2025-02-11 16:35:04,2025-02-11 16:35:43,15,8,2,47
Blue Line Connector,2025/01/03,2025-01-03 19:23:00,Tech Park,2025-01-03 19:39:00,Friday,47.0,Complete,Departed,2025-01-03 19:40:06,2025-01-03 19:41:26,13,5,3,7
Green Express,2024/10/17,2024-10-17 19:43:00,West End Plaza,2024-10-17 19:53:00,Thursday,47.0,Complete,Departed,2024-10-17 19:54:49,2024-10-17 19:55:25,7,2,0,18
Airport Link,2025/01/31,2025-01-31 17:32:00,West End Plaza,2025-01-31 17:42:00,Friday,47.0,Complete,Departed,2025-01-31 17:44:59,2025-01-31 17:46:10,10,2,2,40
Green Express,2025/03/05,2025-03-05 17:52:00,River Market,2025-03-05 18:03:00,Wednesday,47.0,Complete,Departed,2025-03-05 18:01:39,2025-03-05 18:02:38,9,6,1,44
Green Express,2024/09/14,2024-09-14 16:02:00,Harbor Front,2024-09-14 16:19:00,Saturday,47.0,Complete,Departed,2024-09-14 16:22:32,2024-09-14 16:23:15,9,7,2,6
Red Line Shuttle,2024/09/30,2024-09-30 17:27:00,Eastside Mall,2024-09-30 17:37:00,Monday,47.0,Complete,Departed,2024-09-30 17:36:07,2024-09-30 17:37:21,4,0,1,46
Blue Line Connector,2025/05/02,2025-05-02 15:13:00,Hilltop School,2025-05-02 15:27:00,Friday,47.0,Complete,Departed,2025-05-02 15:27:28,2025-05-02 15:28:12,8,13,2,27
Airport Link,2024/10/20,2024-10-20 10:45:00,North Terminal,2024-10-20 11:00:00,Sunday,47.0,Complete,Departed,2024-10-20 10:59:39,2024-10-20 11:00:54,7,3,1,46
Green Express,2025/04/19,2025-04-19 15:19:00,University Gate,2025-04-19 15:30:00,Saturday,47.0,Complete,Departed,2025-04-19 15:29:56,2025-04-19 15:30:34,7,9,1,18
Downtown Loop,2025/04/05,2025-04-05 12:53:00,North Terminal,2025-04-05 13:03:00,Saturday,47.0,Complete,Departed,2025-04-05 13:01:38,2025-04-05 13:02:58,7,3,1,3
Red Line Shuttle,2024/11/05,2024-11-05 11:46:00,North Terminal,2024-11-05 12:05:00,Tuesday,47.0,Complete,Departed,2024-11-05 12:05:29,2024-11-05 12:06:46,0,7,3,7
Blue Line Connector,2024/09/16,2024-09-16 16:59:00,Eastside Mall,2024-09-16 17:19:00,Monday,47.0,Complete,Departed,2024-09-16 17:18:32,2024-09-16 17:19:36,9,15,0,37
